nameA,nameB,method,RMSD(OTMol),# atoms,time,p,assignment
10-1,10-2,sinkhorn,0.3205419623710304,10,0.01781296730041504,7,[0 5 4 3 7 2 9 8 6 1]
50-1,50-2,sinkhorn,0.3136606492958567,50,1.2039480209350586,2,"[11 10 15  0  2  1  3  4  6  5  8  7 18  9 12 16 14 13 20 17 22 19 26 23
 25 21 29 30 33 28 31 27 34 24 32 35 36 39 38 41 37 43 40 45 44 42 47 46
 48 49]"
100-1,100-2,sinkhorn,0.21349807801396287,100,4.0232179164886475,5,"[ 1  3  2  5  4  7  6  8  9 14 12 11 10 15 13 17 19 18  0 16 20 21 22 23
 24 26 34 32 29 30 28 27 33 31 37 35 38 36 40 39 42 41 44 43 46 45 50 47
 49 48 52 51 54 53 56 55 57 58 60 59 66 64 61 62 65 63 68 67 69 73 71 70
 72 25 77 74 76 79 78 81 80 83 82 86 84 87 85 90 88 91 89 93 92 75 94 97
 96 99 98 95]"
150-1,150-2,sinkhorn,0.19320547504107016,150,4.209588050842285,3,"[  2  21   7   3   0   6   1   8   4   5  10  11   9  63  31  22  14  20
  30  40  41  32  23  15  12  13  19  29  39  49  42  33  24  16  17  18
  28  38  48  50  43  34  25  26  27  37  47  52  53  44  35  36  46  51
  45  75  90  76 149  74  89 104 105  91  77  64  56  62  73  88 103 118
 119 120 106  92  78  65  57  54  55  61  72  87 102 117 132 133 121 107
  93  79  66  58  59  60  71  86 101 116 131 141 134 122 108  94  80  67
  68  69  70  85 100 115 130 140 142 135 123 109  95  81  82  83  84  99
 114 129 139 144 145 136 124 110  96  97  98 113 128 138 143 125 111 112
 127 137 126 147 146 148]"
200-1,200-2,sinkhorn,0.3823649193006776,200,4.872636795043945,6,"[ 27 152  31  48  49  41  33  75 128   6  80  14 159 148  76 121 135 123
   7  58 126  85  70 133  16 165 162  95   4 144  66  86  38 118 143  60
  24  37  51  40  71  39  89 150  55 158 127 111  59  22  50 122  57 138
 125 137 179 120 170  92  67  84 190  30  21  54 153 194  42 136 131 177
 199  34 163  87 195  97 167  13   0 161 130 160  10 140 164  91 189  73
 191  61 196 171  79 113  64 103  47 182 175 145 197 117  19  11  77 141
  69 107 149 109  65 142  83 184  15  23 101 119  99 106 168 139  56  35
  18 151  52  74  20  43  72 134  90 132  29 114 186  36   1  68  98  63
 108  32  46 157  44 110  88 176 155  45 102  17   8  26 180   2 129 192
 174 166   5 198 146 112  78 181 115 188  53 147  12  82 193  96   3 154
 172 173 105 169 104 100   9  81  94 183 187  28 185 178 124  62  25 156
  93 116]"
300-1,300-2,sinkhorn,0.12170260981302453,300,7.0882649421691895,5,"[  2   9  10  11   8   4   5   6   7   3   0   1  21  45  46  51  44  35
  36  37  47  52  53  50  43  34  25  26  27  28  38  48  49  42  33  24
  16  17  18  29  39  40  41  32  23  15  12  13  19  30  31  22  14  20
  75 126 127 137 125 111 112 113 128 138 143 136 124 110  96  97  98  99
 114 129 139 144 145 142 135 123 109  95  81  82  83  84  85 100 115 130
 140 141 134 122 108  94  80  67  68  69  70  86 101 116 131 132 133 121
 107  93  79  66  58  59  60  71  87 102 117 118 119 120 106  92  78  65
  57  54  55  61  72  88 103 104 105  91  77  64  56  62  73  89  90  76
  63  74 299 206 295 274 149 293 154 214 247 151 187 213 163 202 197 226
 290 221 157 249 198 243 173 168 203 267 232 210 167 174 190 180 189 178
 287 176 185 182 196 294 181 289 155 234 177 175 257 216 285 194 258 183
 159 165 292 264 277 158 169 241 220 146 224 227 209 172 240 215 156 152
 212 192 262 244 263 205 162 271 265 207 278 160 208 269 229 254 250 171
 272 188 235 279 242 275 280 211 204 237 166 218 270 246 153 248 164 231
 268 261 282 230 286 273 191 195 260 259 252 217 219 200 223 266 170 251
 228 245 222 233 256 148 238 284 201 225 236 239 283 253 281 276 193 255
 179 291 186 161 288 199 150 184 147 298 297 296]"
500-1,500-2,sinkhorn,0.10584722459346331,500,13.83406686782837,4,"[  3   7  17   2   6  11   8   0   1  10   9   4   5  21  23  22  59  16
  20  18  13  12  15  19  14  52  47  42  41  46  53  43  32  40  51  49
  50  48  35  33  28  27  31  39  45  34  24  26  38  44  36  29  25  30
  37  63  65  64 301  58  62  60  55  54  57  61  56 139 124 114 113 128
 134 129 104 103 123 144 120  94 119 143 135 115  89 102 138 140 105  84
 112 133 145  95  79  93 142 131 132 125 107  85  75  74  88 111 127 136
 137 130  97  90  70  69  83 101 122 141 116  80  78 118 106  71  68 100
 126  96  66  73 110 121  98  86  72  82  99 108  81  67  87 109  91  76
  77  92 117 284 254 239 238 263 274 259 224 223 258 289 245 194 249 293
 269 264 214 213 253 279 250 204 229 288 294 230 199 244 278 270 240 189
 212 283 275 225 184 222 273 285 215 179 237 268 295 205 159 198 287 280
 195 174 203 292 290 200 169 193 277 266 267 255 232 180 165 164 188 236
 262 271 272 260 217 185 155 154 183 221 257 276 246 170 173 248 281 282
 265 207 190 150 149 178 211 252 286 241 175 158 228 291 226 160 168 243
 231 161 148 210 261 216 151 153 220 256 206 146 163 235 251 208 186 162
 177 209 218 181 152 182 219 201 171 167 197 227 233 176 147 187 234 191
 166 157 202 247 196 156 172 192 242 305 307 306 309 300 304 302 297 296
 299 303 298 310 308 483 439 424 423 449 470 443 410 409 446 488 429 373
 436 497 460 447 400 399 442 475 433 379 418 492 493 415 376 432 479 455
 450 394 393 465 437 388 404 487 480 419 385 414 474 498 405 382 428 464
 456 425 370 461 411 367 469 471 401 364 459 484 395 361 454 499 389 324
 486 481 380 339 491 494 386 334 473 466 374 358 496 476 377 353 478 489
 383 348 463 452 453 440 421 362 344 343 457 458 444 407 365 330 329 462
 434 349 357 467 468 448 397 368 320 319 472 430 354 338 477 416 335 352
 482 451 391 371 315 314 485 426 359 323 490 412 340 333 495 402 325 347
 420 341 313 406 326 318 445 396 316 328 441 390 311 438 392 369 342 398
 366 327 387 355 346 403 408 363 317 378 350 332 417 384 336 351 413 422
 360 312 372 345 322 435 375 331 337 431 381 321 356 427]"
1000-1,1000-2,sinkhorn,0.25184435235689207,1000,44.213181018829346,3,"[  2   6   1   0   3   7  10   5   4   8  11   9  20  29  28  19  15  30
  34  27  14  16  31  21  35  40  39  33  26  18  13  12  41  38  25  17
  23  36  37  32  24  22  46  47  51  50  45  42  52  53  49  44  43  48
  72  86  85  76  62  77  96  95  71  57 107 102 106  66  67  87 116  94
  61  58  97 111  84  56  63  88  73 112 127 126 115  83  75  55  54  98
  78 117 122 121 110  93  70  60  59 108 132 130 105  64 103 131 101  65
  68 128 120  92  74  80 123 125  82  69  90 118 124 109  91  89 113 119
 114  81  79 133 129 100 104  99 138 139 143 142 137 134 144 145 141 136
 135 140 179 198 197 188 164 184 208 207 183 154 244 214 248 173 169 189
 223 222 178 149 249 234 238 168 159 239 229 243 158 174 199 263 221 163
 150 209 258 206 153 155 224 253 196 148 165 200 180 254 284 283 262 195
 187 147 146 210 185 259 274 273 257 205 182 152 151 245 289 292 247 156
 225 190 264 269 268 252 220 177 162 161 240 294 277 237 171 250 279 287
 242 166 235 278 228 167 175 215 293 233 172 160 230 288 213 157 170 285
 267 219 186 192 275 272 204 181 202 270 282 194 176 217 265 281 251 218
 216 260 271 256 203 201 295 286 227 236 226 255 266 261 193 191 290 276
 232 246 211 280 291 212 241 231 300 301 305 304 299 296 306 307 303 298
 297 302 361 385 384 375 341 366 395 394 370 326 466 401 475 355 346 371
 410 409 365 316 471 421 460 350 331 456 416 470 335 351 376 430 429 360
 311 476 446 450 345 321 461 441 455 330 336 451 436 465 320 356 386 495
 428 340 312 396 490 408 325 317 411 485 393 315 327 431 480 383 310 342
 387 362 481 531 530 494 382 374 309 308 397 367 486 516 515 489 392 369
 314 313 467 536 544 474 318 412 372 491 506 505 484 407 364 324 323 457
 541 524 459 333 472 521 539 469 328 432 377 496 501 500 479 427 359 339
 338 452 546 509 449 353 462 526 519 454 348 477 511 534 464 343 447 510
 435 344 357 422 525 440 349 337 442 520 415 329 352 402 545 445 354 322
 417 540 420 334 332 437 535 400 319 347 532 499 426 373 379 517 504 406
 368 389 507 514 391 363 404 502 529 381 358 424 497 528 478 425 423 492
 513 483 405 403 547 533 434 448 433 487 503 488 390 388 542 518 439 458
 413 527 538 414 453 438 482 498 493 380 378 537 508 444 473 398 522 523
 419 468 418 512 543 399 463 443 552 553 557 556 551 548 558 559 555 550
 549 554 638 667 666 657 613 643 677 676 652 593 793 683 807 632 618 648
 692 691 647 578 798 703 787 627 598 778 698 802 607 623 653 712 711 642
 568 803 728 772 622 583 783 723 782 602 603 768 718 797 587 628 658 737
 736 637 563 808 758 762 617 573 788 753 767 597 588 773 748 777 582 608
 763 743 792 572 633 668 832 735 612 564 678 827 710 592 569 693 822 690
 577 579 713 817 675 567 594 738 812 665 562 614 669 639 813 888 887 831
 664 656 561 560 679 644 818 868 867 826 674 651 566 565 794 893 906 806
 570 694 649 823 853 852 821 689 646 576 575 779 898 881 786 585 799 873
 901 801 580 714 654 828 843 842 816 709 641 591 590 769 903 861 771 605
 784 878 876 781 600 804 858 896 796 595 739 659 833 838 837 811 734 636
 611 610 764 908 846 761 630 774 883 856 766 625 789 863 871 776 620 809
 848 891 791 615 759 847 742 616 634 729 862 747 621 609 754 857 717 596
 629 704 882 752 626 589 724 877 722 601 604 749 872 697 581 624 684 907
 757 631 574 699 902 727 606 584 719 897 702 586 599 744 892 682 571 619
 889 836 733 655 661 869 841 708 650 671 854 851 688 645 686 844 866 673
 640 706 839 886 663 635 731 834 885 810 732 730 829 865 815 707 705 909
 890 741 760 740 824 850 820 687 685 904 870 746 770 715 884 895 716 765
 745 819 840 825 672 670 899 855 751 785 695 879 875 721 780 720 864 900
 696 775 750 814 835 830 662 660 894 845 756 805 680 874 860 726 800 700
 859 880 701 795 725 849 905 681 790 755 912 910 948 913 992 916 999 914
 946 918 984 923 990 921 997 919 944 925 978 932 982 930 988 928 995 926
 943 934 974 942 976 940 980 938 986 936 993 935 937 927 939 929 920 941
 931 922 915 933 924 917 950 965 949 961 947 957 945 954 952 960 970 977
 966 975 956 971 983 967 981 962 979 953 972 991 968 989 963 987 958 985
 951 973 911 969 998 964 996 959 994 955]"
