nameA,nameB,method,RMSD(OTMol),# atoms,time,assignment
10-1,10-2,emd,0.32054196237103044,10,0.016429901123046875,[0 4 5 2 7 3 8 9 6 1]
50-1,50-2,emd,0.3425073241025574,50,0.0291597843170166,"[ 7  0 18 40  3  1  2  5  6  4  8 16 15 12  9 10 20 13 14 25 26 23 22 19
 17 30 29 21 27 24 34 33 31 28 36 35 32 41 11 39 37 43 45 38 47 42 44 49
 48 46]"
100-1,100-2,emd,0.21349832586653358,100,0.1128997802734375,"[ 0  3  2  4  5  7  6 11 10 15 13  8  9 14 12 16 20 21  1 17 19 18 22 23
 24 25 33 31 27 28 30 29 34 32 38 36 37 35 42 41 40 39 46 45 44 43 49 48
 50 47 52 51 56 55 54 53 59 60 58 57 65 63 62 61 66 64 68 67 69 72 71 70
 73 26 76 75 77 79 78 83 82 81 80 87 85 86 84 91 89 90 88 92 93 97 74 95
 94 99 98 96]"
150-1,150-2,emd,0.19320547504107016,150,0.2756669521331787,"[  2  21   7   3   0   6   1   8   4   5  10  11   9  63  31  22  14  20
  30  40  41  32  23  15  12  13  19  29  39  49  42  33  24  16  17  18
  28  38  48  50  43  34  25  26  27  37  47  52  53  44  35  36  46  51
  45  75  90  76 149  74  89 104 105  91  77  64  56  62  73  88 103 118
 119 120 106  92  78  65  57  54  55  61  72  87 102 117 132 133 121 107
  93  79  66  58  59  60  71  86 101 116 131 141 134 122 108  94  80  67
  68  69  70  85 100 115 130 140 142 135 123 109  95  81  82  83  84  99
 114 129 139 144 145 136 124 110  96  97  98 113 128 138 143 125 111 112
 127 137 126 147 146 148]"
200-1,200-2,emd,0.4002568023475569,200,0.5069119930267334,"[  6 143  24  55  49  41  60 133  59  27  80  22 125 136 162   0 164  79
 118 158 119  32 142  75  56 165  76  13 163 144  66 140  10   7 152  33
  31  37 113  11  64  19 107 150  48  58  83 101 128  14  50  90  74 134
 159 132  67  44  21  92 179 131  88 157  42  54  29 110 186 148  84 176
 102 167  30  87  17 155  34   4 121   2 180 171  38  86  95  91  26 166
 129 174 198 160 123  51  71  77 146 115 112 181  53 117  39  40 103 147
  82  89 149 172 173  70 127  68  96 154 111 126  99 156 124  25  16  20
 185   9  94  57  35 183  28 138 122 137 153  45   8   1  97 184 105 104
 108  85 116 170 120 194 190 177  36 114 199 195 135 189 130 161 191   5
  61  73 192 196  47 175 188 145 182  78 197 141 169  69   3  15 193  23
 109  65  98  12  63 187 151  81  52  43 100  72  18  62 168 178 139 106
  93  46]"
300-1,300-2,emd,0.12170261072286691,300,1.366736888885498,"[  2   7   6  11   8   3  21  10   9   4   0   1   5  41  40  49  42  32
  31  30  39  48  53  50  43  33  23  22  75  29  38  52  51  44  34  24
  15  14  20  28  47  46  45  35  25  16  12  13  19  37  36  26  17  18
  27 120 119 133 121 106 105 104 118 132 141 134 122 107  92  91  90  89
 103 117 131 140 145 142 135 123 108  93  78  77  76 299  88 102 116 130
 144 143 136 124 109  94  79  65  64  63  74  87 101 115 139 138 137 125
 110  95  80  66  57  56  62  73  86 100 129 128 127 126 111  96  81  67
  58  54  55  61  72  85 114 113 112  97  82  68  59  60  71  99  98  83
  69  70  84 155 181 292 293 149 208 214 263 165 205 162 163 202 156 182
 235 159 168 216 227 176 180 157 164 232 267 282 166 177 218 173 189 255
 284 243 291 226 211 148 295 194 206 275 174 285 231 249 175 289 258 242
 221 151 274 271 246 266 192 188 146 220 171 198 195 254 237 280 197 229
 265 169 250 193 247 187 213 264 212 170 233 160 154 153 152 172 262 224
 281 241 290 222 183 234 215 196 238 240 167 190 248 277 269 270 203 257
 179 256 210 253 286 259 217 209 252 273 260 191 228 236 239 158 207 276
 219 245 279 278 261 294 204 287 201 283 200 223 225 230 272 251 244 178
 268 185 186 161 147 184 150 199 288 298 296 297]"
500-1,500-2,emd,0.10584722459346331,500,3.154723882675171,"[  3   7  17   2   6  11   8   0   1  10   9   4   5  21  23  22  59  16
  20  18  13  12  15  19  14  52  47  42  41  46  53  43  32  40  51  49
  50  48  35  33  28  27  31  39  45  34  24  26  38  44  36  29  25  30
  37  63  65  64 301  58  62  60  55  54  57  61  56 139 124 114 113 128
 134 129 104 103 123 144 120  94 119 143 135 115  89 102 138 140 105  84
 112 133 145  95  79  93 142 131 132 125 107  85  75  74  88 111 127 136
 137 130  97  90  70  69  83 101 122 141 116  80  78 118 106  71  68 100
 126  96  66  73 110 121  98  86  72  82  99 108  81  67  87 109  91  76
  77  92 117 284 254 239 238 263 274 259 224 223 258 289 245 194 249 293
 269 264 214 213 253 279 250 204 229 288 294 230 199 244 278 270 240 189
 212 283 275 225 184 222 273 285 215 179 237 268 295 205 159 198 287 280
 195 174 203 292 290 200 169 193 277 266 267 255 232 180 165 164 188 236
 262 271 272 260 217 185 155 154 183 221 257 276 246 170 173 248 281 282
 265 207 190 150 149 178 211 252 286 241 175 158 228 291 226 160 168 243
 231 161 148 210 261 216 151 153 220 256 206 146 163 235 251 208 186 162
 177 209 218 181 152 182 219 201 171 167 197 227 233 176 147 187 234 191
 166 157 202 247 196 156 172 192 242 305 307 306 309 300 304 302 297 296
 299 303 298 310 308 483 439 424 423 449 470 443 410 409 446 488 429 373
 436 497 460 447 400 399 442 475 433 379 418 492 493 415 376 432 479 455
 450 394 393 465 437 388 404 487 480 419 385 414 474 498 405 382 428 464
 456 425 370 461 411 367 469 471 401 364 459 484 395 361 454 499 389 324
 486 481 380 339 491 494 386 334 473 466 374 358 496 476 377 353 478 489
 383 348 463 452 453 440 421 362 344 343 457 458 444 407 365 330 329 462
 434 349 357 467 468 448 397 368 320 319 472 430 354 338 477 416 335 352
 482 451 391 371 315 314 485 426 359 323 490 412 340 333 495 402 325 347
 420 341 313 406 326 318 445 396 316 328 441 390 311 438 392 369 342 398
 366 327 387 355 346 403 408 363 317 378 350 332 417 384 336 351 413 422
 360 312 372 345 322 435 375 331 337 431 381 321 356 427]"
1000-1,1000-2,emd,0.09727697022670911,1000,14.684563159942627,"[  8  11   9   4   3   7  10   5   0   2   6   1  31  35  41  36  23  30
  40  37  22  21  20  16  29  34  39  38  32  24  17  12  28  33  25  13
  15  19  27  26  18  14  52  47  51  53  48  43  46  50  49  44  42  45
  98 117 128 113  90  88 112 123 118  80 103 132 133  99 108  87 127 119
  89  78  97 122 124  79  73  77  63  96 116 121 120 109  91  69  59  72
  58  86 111 126 125 114  81  74  54  67 102 130 100  64 107 131 129 104
  68  85 115  92  60  57  95 110  82  55  62  71  84  83  75  61  76  94
  93  70  56 106 101 105  65  66 144 139 143 145 140 135 138 142 141 136
 134 137 225 264 285 255 217 210 259 275 260 202 235 294 290 231 240 200
 254 270 265 192 215 289 280 226 250 230 279 295 211 245 199 284 266 216
 190 209 274 271 201 185 224 269 281 191 180 189 165 223 263 268 267 251
 218 176 161 184 155 208 258 273 272 256 203 181 151 174 234 277 227 166
 179 150 198 253 283 282 261 193 186 146 169 214 292 232 171 159 229 287
 212 156 244 288 291 246 160 249 293 276 236 175 239 278 286 241 170 197
 262 219 162 149 207 257 204 152 154 222 252 194 147 164 178 196 195 187
 163 183 206 205 182 153 243 213 247 172 168 188 221 220 177 148 248 233
 237 167 158 238 228 242 157 173 306 301 305 307 302 297 300 304 303 298
 296 299 432 496 532 482 424 412 491 517 487 404 447 546 537 443 452 397
 486 507 492 389 422 541 522 438 462 442 526 542 418 457 387 481 502 497
 379 402 536 512 433 477 417 521 527 413 472 437 511 547 398 467 386 531
 498 423 377 396 516 503 403 372 411 506 513 388 367 431 501 528 378 362
 376 342 430 495 500 499 478 425 358 338 371 327 410 490 505 504 483 405
 363 323 356 446 509 434 343 366 317 395 485 515 514 488 390 368 313 351
 421 524 439 348 336 441 519 414 328 361 312 385 480 530 529 493 380 373
 308 346 401 544 444 353 331 416 539 419 333 321 436 534 399 318 466 535
 543 473 322 471 540 523 458 337 456 520 538 468 332 476 545 508 448 357
 461 525 518 453 352 451 510 533 463 347 384 494 426 339 311 394 489 406
 324 316 409 484 391 314 326 429 479 381 309 341 360 383 382 374 340 365
 393 392 369 325 465 400 474 354 345 370 408 407 646 315 470 420 459 349
 330 455 415 469 334 350 375 428 427 364 310 475 445 449 344 320 460 440
 454 329 335 450 435 464 319 355 558 553 557 559 554 549 552 556 555 359
 548 551 739 833 889 814 731 714 828 869 819 706 759 908 894 755 764 694
 823 854 824 686 729 903 874 750 774 754 883 899 725 769 679 818 844 829
 671 704 898 859 745 789 724 878 879 720 784 749 863 904 700 779 669 813
 839 834 661 684 893 849 740 809 699 873 864 715 804 719 858 884 695 799
 744 848 909 680 794 668 888 835 730 659 678 868 840 705 654 693 853 850
 685 649 713 843 865 670 644 738 838 885 660 639 658 614 737 832 837 836
 810 732 635 610 653 594 712 827 842 841 815 707 640 590 633 758 846 741
 615 648 579 692 822 852 851 820 687 645 575 628 728 861 746 620 608 753
 856 716 595 643 569 677 817 867 866 825 672 650 565 623 703 881 751 625
 603 723 876 721 600 588 748 871 696 580 638 564 667 812 887 886 830 662
 550 560 618 683 906 756 630 598 698 901 726 605 583 718 896 701 585 573
 743 891 681 570 793 892 905 805 574 798 897 880 785 589 778 872 900 800
 584 803 902 860 770 609 783 877 875 780 604 768 857 895 795 599 808 907
 845 760 634 788 882 855 765 629 773 862 870 775 624 763 847 890 790 619
 666 831 733 611 563 676 826 708 591 568 691 821 688 576 578 711 816 673
 566 593 736 811 663 561 613 637 665 664 911 612 642 675 674 656 592 792
 682 806 631 617 647 690 689 651 577 797 702 786 626 597 777 697 801 606
 622 652 710 709 641 567 802 727 771 621 582 782 722 781 601 602 767 717
 796 586 627 657 735 734 636 562 807 757 761 616 572 787 752 766 596 587
 772 747 776 581 607 762 742 791 571 632 912 910 960 945 970 936 966 926
 956 947 971 938 967 928 962 919 953 949 972 940 968 930 963 921 958 914
 951 950 973 942 969 932 964 923 959 916 955 655 991 998 983 989 996 977
 981 987 994 975 979 985 934 965 925 961 918 957 913 954 952 948 992 941
 999 933 946 984 939 990 931 997 924 944 978 937 982 929 988 922 995 917
 943 974 935 976 927 980 920 986 915 993]"
